<?xml version="1.0" encoding="UTF-8"?>
<project-private xmlns="http://www.netbeans.org/ns/project-private/1">
    <editor-bookmarks xmlns="http://www.netbeans.org/ns/editor-bookmarks/2" lastBookmarkId="0"/>
    <open-files xmlns="http://www.netbeans.org/ns/projectui-open-files/2">
        <group>
            <file>file:/C:/Users/Dibya%20Sundar%20Pradhan/Documents/NetBeansProjects/WebCaseStudy/web/Assets/css/main.css</file>
            <file>file:/C:/Users/Dibya%20Sundar%20Pradhan/Documents/NetBeansProjects/WebCaseStudy/web/gallery.jsp</file>
            <file>file:/C:/Users/Dibya%20Sundar%20Pradhan/Documents/NetBeansProjects/WebCaseStudy/web/registration.jsp</file>
            <file>file:/C:/Users/Dibya%20Sundar%20Pradhan/Documents/NetBeansProjects/WebCaseStudy/web/index.jsp</file>
            <file>file:/C:/Users/Dibya%20Sundar%20Pradhan/Documents/NetBeansProjects/WebCaseStudy/web/about.jsp</file>
            <file>file:/C:/Users/Dibya%20Sundar%20Pradhan/Documents/NetBeansProjects/WebCaseStudy/web/userDetails.jsp</file>
            <file>file:/C:/Users/Dibya%20Sundar%20Pradhan/Documents/NetBeansProjects/WebCaseStudy/web/contactus.jsp</file>
        </group>
    </open-files>
</project-private>
